rank,regParam,map,ndcg,rmse
200.0,0.01,0.00778477008325981,0.046349640404896884,0.9151377654051163
200.0,0.01,0.007784804333035037,0.04635024155739124,0.9151377653598163
200.0,0.05,0.007120706681109444,0.038408585963278244,0.8076181600052917
