rank,regParam,map,ndcg,rmse
200.0,0.01,0.010063976054852007,0.05447423328782609,0.958233112749793
200.0,0.01,0.010063938912310598,0.05447380975491578,0.9582331113908265
10.0,0.05,1.0446916990943497E-4,0.0013629728313560335,0.7957681745623105
