beta,map,ndcg,rmse
1000000.0,0.0330259142682352,0.11026958327720013,4.326601464726722
1000000.0,0.033025914268235236,0.11026958327720016,4.326601464726721
0.0,5.265092240039251E-6,1.058665741291843E-5,0.8820552196522597
