beta,map,ndcg,rmse
1000000.0,0.029305461320271776,0.10702390860895529,3.5908129050323474
1000000.0,0.02930546132027179,0.10702390860895526,3.5908129050323474
0.0,2.7862502446922354E-7,5.236061014013956E-6,0.9618337771541018
