rank,regParam,map,ndcg,rmse
200.0,0.001,0.024176293634305523,0.09557323078357852,2.2007942369190183
200.0,0.005,0.02082331293319333,0.08928928199741294,1.6658519567969703
10.0,0.1,0.0011378400697468298,0.014383711194212303,0.9400435992881003
