rank,regParam,map,ndcg,rmse
200.0,0.001,0.017816564391980268,0.08659530078883096,1.8601902896887517
200.0,0.001,0.01781656439198026,0.08659530078883096,1.8601902842967224
200.0,0.1,0.0036300057831055886,0.03532687443649836,0.8900617695876952
