beta,map,ndcg,rmse
10.0,0.023226616134496694,0.10790529588790597,1.7459502012125327
10.0,0.023226616134496697,0.10790529588790601,1.7459502012125325
0.0,3.534206336945754E-5,7.124769115673084E-4,0.9680717715510221
