beta,map,ndcg,rmse
10.0,0.024168709021412726,0.10943982324116523,2.0947807218000456
10.0,0.02416870902141273,0.10943982324116526,2.094780721800045
0.0,2.835251472708366E-6,1.652580677761203E-4,0.8305727604557379
